# timestamp	commit	deps	machine	target	label	n	median	p95	max	note
2026-09-08 11:10:48	78cb717+	-	ADV-DEV-56627	yugioh	parse+check	5	3778.63	4017.06	4017.06	erste messung gegen yugioh
2026-09-08 15:38:38	58b008f+	-	ADV-DEV-56627	yugioh	parse+check	5	3574.07	4633.27	4633.27	vor Teilmengen-Elimination in createNormalizedUnionType
2026-09-08 15:55:19	58b008f+	-	ADV-DEV-56627	yugioh	parse+check	5	3470.54	3568.54	3568.54	nach Teilmengen-Elimination in createNormalizedUnionType
2026-09-09 10:10:45	4bc1cab+	-	ADV-DEV-56627	yugioh	parse+check	5	3612.75	4009.19	4009.19	vor ElementAt-Umbau (nachtraeglich gemessen)
2026-09-09 10:32:05	4bc1cab+	-	ADV-DEV-56627	yugioh	parse+check	5	3382.16	3680.73	3680.73	nach ElementAt-Umbau (getElement rein deklarativ)
2026-09-09 11:24:34	2f37659+	-	ADV-DEV-56627	yugioh	parse+check	5	3684.55	3905.50	3905.50	vor Verengung ueber Feldzugriff
2026-09-09 14:23:34	2f37659+	-	ADV-DEV-56627	yugioh	parse+check	5	3397.82	3773.74	3773.74	nach Verengung ueber Pfade
2026-09-09 18:44:40	2961841	-	ADV-DEV-56627	yugioh	parse+check	5	3316.90	3574.74	3574.74	vor Dictionary-Merge im Intersection-Shortcut
2026-09-09 19:15:16	2961841+	-	ADV-DEV-56627	yugioh	parse+check	5	3419.49	3550.22	3550.22	nach Dictionary-Merge im Intersection-Shortcut
2026-09-09 20:10:35	c494862+	-	ADV-DEV-56627	yugioh	parse+check	5	3390.08	3628.90	3628.90	functionLiteral: Any-Rueckgabetyp faellt auf deklarierten Typ zurueck
2026-09-09 22:08:08	4f4700e+	-	ADV-DEV-56627	yugioh	parse+check	5	3544.51	3575.26	3575.26	Elaboration fuer fehlende/falsche Dictionary-Felder bei Definitionen
2026-09-09 22:08:42	4f4700e+	-	ADV-DEV-56627	jul-examples	parse+check	5	21.27	45.97	45.97	Elaboration - Gegenprobe auf fehlerfreiem Ziel
2026-09-09 22:28:47	4f4700e+	-	ADV-DEV-56627	jul-examples	parse+check	5	20.20	38.79	38.79	Elaboration auch fuer generisches Dictionary(T) Ziel
2026-09-10 09:43:20	3dae426+	-	ADV-DEV-56627	jul-examples	parse+check	5	19.45	52.87	52.87	spread-flatten-start
2026-09-10 09:47:53	3dae426+	-	ADV-DEV-56627	yugioh	parse+check	5	3433.64	3680.68	3680.68	spread-flatten-start
2026-09-10 10:06:41	1cb6051+	-	ADV-DEV-56627	yugioh	parse+check	5	3425.68	3692.68	3692.68	spread-flatten-end
2026-09-10 10:35:04	bd049c8+	-	ADV-DEV-56627	yugioh	parse+check	5	3495.44	3881.51	3881.51	spread-complete-final
2026-09-10 12:19:19	139fbde+	-	ADV-DEV-56627	yugioh	parse+check	5	3460.11	3712.18	3712.18	vor Missing-field Sammelzeile
2026-09-10 12:22:12	139fbde+	-	ADV-DEV-56627	yugioh	parse+check	5	3402.61	3506.10	3506.10	nach Missing-field Sammelzeile
2026-09-10 12:38:01	9d05a26+	-	ADV-DEV-56627	yugioh	parse+check	5	3627.45	3860.41	3860.41	vor C1 (nach A+B)
2026-09-10 12:41:04	9d05a26+	-	ADV-DEV-56627	yugioh	parse+check	5	3993.20	4378.42	4378.42	nach C1 (A+B+C1 komplett)
2026-09-10 14:12:55	0dbc86b	-	ADV-DEV-56627	yugioh	parse+check	5	3469.60	3758.98	3758.98	returnTypeMismatch Position: last(body) statt ganze Funktion
2026-09-10 14:31:07	66641a8+	-	ADV-DEV-56627	yugioh	parse+check	5	3665.74	3774.64	3774.64	Tupel-Element-Fehler deduplizieren (getTupleTypeError2)
2026-09-10 14:35:56	977056a+	-	ADV-DEV-56627	yugioh	parse+check	5	3744.47	3828.89	3828.89	Listen-Element-Fehler deduplizieren (Nachbarfall zu getTupleTypeError2)
2026-09-10 14:45:03	9fb37a0+	-	ADV-DEV-56627	yugioh	parse+check	5	3942.61	4112.80	4112.80	redundante Missing-field-Elaboration entfernt
2026-09-10 14:59:54	9c22e50+	-	ADV-DEV-56627	yugioh	parse+check	5	10294.39	12595.79	12595.79	eine Diagnose statt zwei bei verschachtelten Dictionary-Literalen (findInnermostErrorPosition)
2026-09-10 15:03:38	9c22e50+	-	ADV-DEV-56627	yugioh	parse+check	5	4046.82	8313.71	8313.71	Ein-Diagnose-Architektur: Position rekursiv zum innersten Fehler statt Zwei-Diagnosen-Elaboration
2026-09-10 15:23:19	7db6623+	-	ADV-DEV-56627	yugioh	parse+check	5	3383.02	3579.17	3579.17	Feldname vor Erklaerung + Einrueckung pro Verschachtelungsebene (TS-Vorbild)
2026-09-10 15:37:09	16c5e89+	-	ADV-DEV-56627	yugioh	parse+check	5	3515.81	3868.01	3868.01	typeToString: Leerzeichen statt Tabs fuer mehrzeilige Typen (dieselbe Einheit wie indentLines)
2026-09-10 15:48:06	2277f04+	-	ADV-DEV-56627	yugioh	parse+check	5	3550.16	3859.70	3859.70	Echte Positionen je Tupel-/Listen-Element (findInnermostElementErrorPosition)
2026-09-10 16:01:55	733e44d+	-	ADV-DEV-56627	yugioh	parse+check	5	3601.40	3943.16	3943.16	Or([] List(X))-Spread korrekt als List statt Tuple erkannt (getSpreadElementTypes)
2026-09-10 16:08:43	a35c8ba+	-	ADV-DEV-56627	yugioh	parse+check	5	3512.89	3749.83	3749.83	Große Dictionary-Typen in Fehlermeldungen nach 5 Feldern gekürzt (maxFieldsInTypeDump)
2026-09-10 16:15:52	dca69d5+	-	ADV-DEV-56627	yugioh	parse+check	5	3629.24	3901.03	3901.03	Definition-Fehler mit großen Typ-Dumps werden klarer (mehrzeilige erste Zeile entfernt)
2026-09-10 16:22:14	dca69d5+	-	ADV-DEV-56627	yugioh	parse+check	5	4898.61	10933.74	10933.74	BASELINE vor Diff-Modus-Umbau (for comparison)
2026-09-10 16:45:12	dca69d5+	-	ADV-DEV-56627	yugioh	parse+check	5	4208.41	8115.76	8115.76	aliasName-Leck behoben: argumentsType zeigt nie mehr Wertnamen als Typ (suppressAlias durch gesamte typeToString-Rekursion)
2026-09-10 17:12:56	ea2a1f3+	-	ADV-DEV-56627	yugioh	parse+check	5	4697.28	7884.03	7884.03	Namen (Felder, Referenzen, Parameter) durchgaengig in Anfuehrungszeichen in Fehlermeldungen
2026-09-10 17:25:13	7ed9a84+	-	ADV-DEV-56627	yugioh	parse+check	5	3913.62	4211.42	4211.42	List-gegen-List Element-Fehler mit umschliessendem List(X)-zu-List(Y) umhuellt statt roh durchgereicht
2026-09-10 17:45:18	7ed9a84+	-	ADV-DEV-56627	yugioh	parse+check	5	3453.40	3736.40	3736.40	Or-Ziel: Best-Match statt Alle-Choices-Dump, voller Or-Zieltyp bleibt im Kopf sichtbar
2026-09-10 17:55:59	398e670+	-	ADV-DEV-56627	yugioh	parse+check	5	3652.58	3870.53	3870.53	Sauberer Umbau: Huellen-Entscheid faellt an der Quelle (Header-Text pruefen), keine Text-Heuristik/Dedent mehr im definition-Handler
2026-09-10 18:11:17	a1efc13+	-	ADV-DEV-56627	yugioh	parse+check	5	3543.16	3746.66	3746.66	filter Rueckgabetyp korrigiert: Or([] List(TypeOf(values)/ElementType)) statt TypeOf(values), analog zu slice
2026-09-11 08:37:52	67e9c86+	-	ADV-DEV-56627	yugioh	parse+check	5	6333.85	11038.00	11038.00	vor Praedikat-Narrowing Schritt 1
2026-09-11 09:11:59	837efef+	-	ADV-DEV-56627	yugioh	parse+check	5	9368.46	9753.38	9753.38	Praedikat-Narrowing Schritt 1: narrowsTo am Funktionstyp
2026-09-11 09:23:39	837efef+	-	ADV-DEV-56627	yugioh	parse+check	5	3601.33	3847.47	3847.47	Wiederholung ohne Codeaenderung: 9368 ms war Maschinenlast, Zaehler identisch
2026-09-11 09:42:05	9e714a1+	-	ADV-DEV-56627	yugioh	parse+check	5	3753.73	4283.52	4283.52	Praedikat-Narrowing Schritt 2: Gegenrichtung (excludedIfFalse)
2026-09-11 15:40:30	549a23b+	-	ADV-DEV-56627	yugioh	parse+check	5	3807.36	3986.54	3986.54	Bug #1: unreachable branch detection implemented
2026-09-11 17:04:23	d8bb361+	-	ADV-DEV-56627	yugioh	parse+check	5	3972.56	4183.83	4183.83	core-lib: lastElement Empty-Fix (alias-only bug)
2026-09-11 19:30:11	2a27a92+	-	ADV-DEV-56627	yugioh	parse+check	5	3607.67	3863.95	3863.95	lengthOf: ElementAt+length Komposition praezise fuer List
2026-09-11 23:25:44	e0beea7	-	ADV-DEV-56627	yugioh	parse+check	5	3655.47	3850.77	3850.77	vor LengthOf-Konstruktor (length hat noch case im Checker)
2026-09-11 23:29:37	e0beea7+	-	ADV-DEV-56627	yugioh	parse+check	5	3674.17	3869.81	3869.81	nach LengthOf-Konstruktor: length rein deklarativ, case length entfernt
2026-09-11 23:34:05	dfd708d+	-	ADV-DEV-56627	yugioh	parse+check	5	3638.65	3957.53	3957.53	nach lastElement rein deklarativ (ElementAt+length), getLastElementFromType entfernt
2026-09-11 23:55:53	8899bc6+	-	ADV-DEV-56627	yugioh	parse+check	5	3677.67	3873.12	3873.12	vor WithElementAt-Knoten (setElement-Deklaration schon praezisiert, case setElement noch da)
2026-09-12 00:01:20	8899bc6+	-	ADV-DEV-56627	yugioh	parse+check	5	3800.17	4103.37	4103.37	nach WithElementAt: setElement rein deklarativ, case setElement entfernt
2026-09-12 00:14:24	6b05802+	-	ADV-DEV-56627	yugioh	parse+check	5	3884.05	4121.23	4121.23	vor Range-Folgenschluessel (map und slice haben noch grobe Deklaration bzw. case)
2026-09-12 00:29:43	6b05802+	-	ADV-DEV-56627	yugioh	parse+check	5	3927.75	4169.28	4169.28	nach Range und TupleOf: map und slice rein deklarativ, case map entfernt - Ausnahmenliste leer
2026-09-12 01:02:44	49d047c+	-	ADV-DEV-56627	yugioh	parse+check	5	3696.56	3983.26	3983.26	Concat implementation
2026-09-12 01:20:50	49d047c+	-	ADV-DEV-56627	yugioh	parse+check	5	3679.63	3894.85	3894.85	Fix: generischer Rueckgabetyp bleibt erhalten wenn Platzhalter
2026-09-12 01:48:53	06da68e+	-	ADV-DEV-56627	yugioh	parse+check	5	3645.90	3917.57	3917.57	spread im rumpf deferred, greater-case + exhaustive switch in resolvePlaceholders
2026-09-12 13:24:06	68c1f99+	-	ADV-DEV-56627	yugioh	parse+check	5	3652.50	3955.72	3955.72	cross-file reference-index (rename/find-references), CLI-Pfad ohne referenceIndex unveraendert
2026-09-12 14:28:22	6a2fb8d+	-	ADV-DEV-56627	yugioh	parse+check	5	3888.90	3982.26	3982.26	vor space-indentation umbau (ziel enthaelt space-konvertierte game-logic.jul)
2026-09-12 14:31:18	6a2fb8d+	-	ADV-DEV-56627	yugioh	parse+check	5	5070.34	6291.66	6291.66	space-indentation erkennung in indentParser (ziel enthaelt space-konvertierte game-logic.jul)
2026-09-12 14:34:45	6a2fb8d+	-	ADV-DEV-56627	yugioh	parse+check	5	4939.52	4996.13	4996.13	space-indentation erkennung in indentParser; A/B auf Tab-Kopie ohne echten Regress (4285 vs 4520ms alt) - Sprung im vorherigen Log kam vom space-konvertierten game-logic.jul, das jetzt vollstaendig statt abgebrochen geparst wird
2026-09-12 19:38:50	e4ac2d6+	-	ADV-DEV-56627	yugioh	parse+check	5	3733.65	3970.14	3970.14	Phase 2 abgeschlossen: assertNever validiert
2026-09-12 20:01:53	4dc8177+	-	ADV-DEV-56627	yugioh	parse+check	5	3985.65	4107.67	4107.67	Phase 3: Blatt-Typen durch builtins ersetzt
2026-09-12 20:06:48	c30feb6	-	ADV-DEV-56627	yugioh	parse+check	5	3774.58	4047.88	4047.88	Phase 3: Alle Inlines durch Konstruktoren/builtins ersetzt (verhaltensneutral)
2026-09-12 20:13:48	c30feb6+	-	ADV-DEV-56627	yugioh	parse+check	5	3726.04	4149.99	4149.99	Phase 4: resolvePlaceholders und dereferenceArgumentTypesNested zu traversePlaceholders vereint
2026-09-12 20:26:20	71ccc28+	-	ADV-DEV-56627	yugioh	parse+check	5	3867.61	4239.12	4239.12	Phase 3 fertig: isUnresolvedPlaceholderType ist Feldzugriff statt Traversierung
2026-09-12 20:34:32	71ccc28+	-	ADV-DEV-56627	yugioh	parse+check	5	3792.08	4048.26	4048.26	Phase 5: Praefix-Argument bleibt fuer den Rueckgabetyp symbolisch; getTypeError loest nestedReference auf
2026-09-12 21:14:50	1b9aaf6+	-	ADV-DEV-56627	yugioh	parse+check	5	3863.89	4092.23	4092.23	vor: Feldreferenzen im ReferenceIndex
2026-09-12 21:20:47	fe73419+	-	ADV-DEV-56627	yugioh	parse+check	5	3806.14	4127.50	4127.50	nach: Feldreferenzen im ReferenceIndex
2026-09-13 06:57:26	b985b0b+	-	ADV-DEV-56627	yugioh	parse+check	5	3862.21	3959.05	3959.05	Fix: Index 1 auf List(X) liefert keine Empty-Beimischung mehr
2026-09-13 07:18:34	1c92171	-	ADV-DEV-56627	yugioh	parse+check	5	3775.60	4298.49	4298.49	vor Fix: Argumentfehler-Position
2026-09-13 07:19:05	1c92171+	-	ADV-DEV-56627	yugioh	parse+check	5	3946.74	4278.53	4278.53	nach Fix: Argumentfehler-Position
2026-09-13 07:19:59	1c92171+	-	ADV-DEV-56627	yugioh	parse+check	5	3737.96	4210.72	4210.72	nach Fix: Argumentfehler-Position, ungeloeste Vorpruefung
2026-09-13 07:20:55	1c92171+	-	ADV-DEV-56627	yugioh	parse+check	5	3774.32	3990.59	3990.59	nach Fix: Argumentfehler-Position, Endstand
2026-09-13 07:34:23	b3c389c+	-	ADV-DEV-56627	yugioh	parse+check	5	4382.56	4838.39	4838.39	Argumentposition: ungeloeste Vorpruefung wie am Aufruf
2026-09-13 07:35:50	b3c389c+	-	ADV-DEV-56627	yugioh	parse+check	5	3770.70	4051.27	4051.27	Wiederholung derselben Fassung: +16% davor war Rauschen, Zaehler identisch
2026-09-13 07:41:50	b3c389c+	-	ADV-DEV-56627	yugioh	parse+check	5	3753.91	4087.98	4087.98	TupleOf als Argumenttyp in getTypeError behandelt
2026-09-13 08:19:36	0fe302e+	-	ADV-DEV-56627	yugioh	parse+check	5	3854.47	4019.20	4019.20	Or-Feldzugriff: fehlendes Feld auf allen Choices wird gemeldet
2026-09-13 09:05:03	5726ca5+	-	ADV-DEV-56627	yugioh	parse+check	5	4403.79	4674.06	4674.06	vor Kontravarianz-Fix bei Callback-Parametern
2026-09-13 09:11:00	5726ca5+	-	ADV-DEV-56627	yugioh	parse+check	5	4199.44	4277.31	4277.31	Kontravarianz bei Callback-Parametern, TypeGuard schlaegt Aufrufkontext
2026-09-13 10:40:52	020b631	-	ADV-DEV-56627	yugioh	parse+check	5	4270.42	4393.31	4393.31	vor: Typalias-Namen an Typdefinitionen
2026-09-13 10:41:34	020b631+	-	ADV-DEV-56627	yugioh	parse+check	5	4163.98	4423.38	4423.38	nach: Typalias-Namen an Typdefinitionen
2026-09-13 10:48:48	730a947	-	ADV-DEV-56627	yugioh	parse+check	5	4137.05	4588.27	4588.27	vor: benannte Union nicht flatten
2026-09-13 11:59:24	0fd01d0+	-	ADV-DEV-56627	yugioh	parse+check	5	4387.37	4805.74	4805.74	nach: alias-knoten + resolveAlias-tore
2026-09-13 12:04:27	0fd01d0+	-	ADV-DEV-56627	yugioh	parse+check	5	4421.66	4723.87	4723.87	nach: parents nachgelagert setzen
2026-09-13 12:16:31	bef9732	-	ADV-DEV-56627	yugioh	parse+check	5	3991.98	4309.30	4309.30	nach: alias-knoten bei jeder typreferenz
2026-09-13 12:27:13	7046c1e+	-	ADV-DEV-56627	yugioh	parse+check	5	4046.44	4200.85	4200.85	nach: besuchsmengen gegen zyklische typvergleiche
2026-09-13 12:36:33	e115c97+	-	ADV-DEV-56627	yugioh	parse+check	5	3828.26	4044.46	4044.46	nach: tiefenlimit als notbremse
2026-09-13 13:22:29	a6856e4	-	ADV-DEV-56627	yugioh	parse+check	5	4176.43	4381.52	4381.52	nach: assertNever in hasReliableTypeError, valueOf und getTypeError-argumentsType
2026-09-16 11:37:47	8509628	-	ADV-DEV-56627	yugioh	parse+check	5	3701.78	3864.23	3864.23	vor pure-functions Schritt 1-10
2026-09-16 11:57:32	8509628+	-	ADV-DEV-56627	yugioh	parse+check	5	4090.96	4213.74	4213.74	nach pure-functions Schritt 1-10 (Pfeile, Purity im Typ)
2026-09-16 16:45:48	5038bbd	-	ADV-DEV-56627	yugioh	parse+check	5	3721.21	3725.67	3725.67	nach constant folding
2026-09-17 12:21:19	0fbf0cf	-	ADV-DEV-56627	yugioh	parse+check	5	3473.96	3715.64	3715.64	nach pure inference Schritt 1-4 (Aufruf-Purity dreiwertig, Rumpf-Walker, Verdrahtung, JUL5101)
2026-09-21 09:35:00	eedaa94	-	ADV-DEV-56627	yugioh	parse+check	5	3312.24	3535.00	3535.00	vor constant folding fuer Nutzerfunktionen
2026-09-21 09:35:25	2836862+	-	ADV-DEV-56627	yugioh	parse+check	5	3613.71	3824.62	3824.62	nach constant folding fuer Nutzerfunktionen (Schritte 1-4 + Purity-Fix)
2026-09-22 10:13:01	546656d+	-	ADV-DEV-56627	yugioh	parse+check	5	3824.12	3993.98	3993.98	vor purity-bedingte-reinheit
2026-09-22 10:29:51	546656d+	-	ADV-DEV-56627	yugioh	parse+check	5	4775.74	4935.71	4935.71	nach purity-bedingte-reinheit
2026-09-22 17:39:19	d4ec271+	-	ADV-DEV-56627	yugioh	parse+check	5	3610.47	4007.35	4007.35	nach spread-liste gegen parameter (case list in getTypeErrorForParameters)
2026-09-22 17:50:22	2452abf+	-	ADV-DEV-56627	yugioh	parse+check	5	3737.80	3911.82	3911.82	vor Fix: hasReliableTypeError rekursiv fuer and/or/not
2026-09-22 17:52:57	2452abf+	-	ADV-DEV-56627	yugioh	parse+check	5	3698.49	4413.86	4413.86	nach Fix: hasReliableTypeError erbt Verlaesslichkeit bei and/or/not
2026-09-23 09:08:01	b7693a9	-	ADV-DEV-56627	yugioh	parse+check	5	3584.53	3867.74	3867.74	vor mehrzeiligem Funktionskopf
2026-09-23 09:45:27	fc0dbc8+	-	ADV-DEV-56627	yugioh	parse+check	5	3846.65	3993.59	3993.59	nach mehrzeiligem Funktionskopf
2026-09-23 11:02:21	2635535	-	ADV-DEV-56627	yugioh	parse+check	5	3589.39	3932.62	3932.62	vor :?
2026-09-23 11:40:46	ba86e2f+	-	ADV-DEV-56627	yugioh	parse+check	5	3882.63	4352.73	4352.73	nach :?
2026-09-23 12:01:27	1e7f2d7+	-	ADV-DEV-56627	yugioh	parse+check	5	3752.40	3982.63	3982.63	vor TS-Typannotationen
2026-09-23 12:06:46	1e7f2d7+	-	ADV-DEV-56627	yugioh	parse+check	5	3681.27	3912.09	3912.09	Stufe 1: TS-Rückgabetypen
2026-09-23 12:29:29	1e7f2d7+	-	ADV-DEV-56627	yugioh	parse+check	5	3817.61	4002.61	4002.61	gemeinsamer Loader (Compiler-Seite)
2026-09-23 13:01:29	a814359+	-	ADV-DEV-56627	yugioh	parse+check	5	3670.00	3786.53	3786.53	TS-Collections ohne Empty; Verengung: Dictionary mit Never-Feld wird Never, getNarrowedType löst And auf
2026-09-24 08:45:53	177a7bd+	-	ADV-DEV-56627	yugioh	parse+check	5	3693.47	4049.54	4049.54	Spread einer Union im Dictionary-Literal verteilt sich über die Choices; Emitter: Spread in Dictionary-Typen
2026-09-24 08:58:37	17cd907	-	ADV-DEV-56627	yugioh	parse+check	5	13520.73	14388.61	14388.61	Dictionary-Spread als Merge-Funktion (spreadDictionaryTypes), Empty als neutrales Element
2026-09-24 09:01:24	17cd907+	-	ADV-DEV-56627	yugioh	parse+check	5	3885.73	4020.79	4020.79	Dictionary-Spread: Felder sammeln statt Merge je Feld (vorige Messung 13,5 s war der Merge je Feld)
2026-09-24 15:33:51	a744a34+	-	ADV-DEV-56627	yugioh	parse+check	5	3868.64	4223.28	4223.28	Stufe 2: TS-Parametertypen
2026-09-24 18:38:03	3a09593	-	ADV-DEV-56627	yugioh	parse+check	5	3643.33	3989.96	3989.96	vor erwartetem typ
2026-09-24 18:55:49	a859d87+	-	ADV-DEV-56627	yugioh	parse+check	5	3778.63	4272.43	4272.43	erwarteter typ
2026-09-24 19:32:57	aa873a6+	-	ADV-DEV-56627	yugioh	parse+check	5	3668.01	3909.50	3909.50	vor CheckRun-Umbau
2026-09-24 19:35:14	aa873a6+	-	ADV-DEV-56627	yugioh	parse+check	5	3561.63	3870.33	3870.33	nach CheckRun-Umbau
2026-09-24 19:45:43	4d0d742+	-	ADV-DEV-56627	yugioh	parse+check	5	3919.89	3941.18	3941.18	onProgress-Haken in inferType
2026-09-24 20:34:09	4d0d742+	-	ADV-DEV-56627	yugioh	parse+check	5	1204.95	1548.08	1548.08	Bench wie CLI ohne Klon von unchecked (cloneUnchecked: false)
2026-09-25 08:31:25	600ec3f+	-	ADV-DEV-56627	yugioh	parse+check	5	10635.22	12615.77	12615.77	feldreferenzen
2026-09-25 08:48:47	600ec3f+	-	ADV-DEV-56627	yugioh	parse+check	5	1418.32	1688.99	1688.99	feldreferenzen, wiederholt ohne fremde last
2026-09-25 10:16:23	c68184a+	-	ADV-DEV-56627	yugioh	parse+check	5	1336.54	1718.41	1718.41	erwarteter Typ hinter Spread bei List(X) und Rest-Parameter
2026-09-25 10:30:14	7e26875+	-	ADV-DEV-56627	yugioh	parse+check	5	1464.30	1701.76	1701.76	Fehlerposition liest expectedType
2026-09-25 10:50:18	ef8cdeb+	-	ADV-DEV-56627	yugioh	parse+check	5	1387.12	1753.88	1753.88	vor unused-definitions
2026-09-25 10:56:22	ef8cdeb+	-	ADV-DEV-56627	yugioh	parse+check	5	1361.24	1667.63	1667.63	nach unused-definitions
2026-09-25 11:05:24	c01e970+	-	ADV-DEV-56627	yugioh	parse+check	5	1305.46	1606.77	1606.77	erwarteter Typ für Präfix-Argument
2026-09-25 11:31:43	cd3399c+	-	ADV-DEV-56627	yugioh	parse+check	5	2217.95	2621.42	2621.42	Typguard im Dictionary-Literal abgeschafft
2026-09-25 11:46:47	72972ac	-	ADV-DEV-56627	yugioh	parse+check	5	2083.42	2207.24	2207.24	vor Namensprüfung
2026-09-25 11:54:38	72972ac+	-	ADV-DEV-56627	yugioh	parse+check	5	2042.38	2392.14	2392.14	Namensprüfung
2026-09-25 13:33:13	6fc3cdc+	-	ADV-DEV-56627	yugioh	parse+check	5	1384.78	1709.03	1709.03	vor Praedikate als Typ
2026-09-25 13:52:44	6fc3cdc+	-	ADV-DEV-56627	yugioh	parse+check	5	1345.34	1663.15	1663.15	nach Praedikate als Typ
2026-09-25 14:04:05	b637150+	-	ADV-DEV-56627	yugioh	parse+check	5	1345.27	1635.79	1635.79	Not als unzuverlaessig
2026-09-26 10:06:41	17c9c34	-	ADV-DEV-56627	yugioh	parse+check	5	1316.85	1690.98	1690.98	vor test-builtin
2026-09-26 10:18:40	17c9c34+	-	ADV-DEV-56627	yugioh	parse+check	5	1290.38	1580.48	1580.48	test-builtin: checkTestCall, JUL2700/3050/5200
2026-09-26 10:54:09	595b0b9	-	ADV-DEV-56627	yugioh	parse+check	5	1512.24	1959.49	1959.49	fizzbuzz folding
2026-09-26 14:52:46	8084930+	-	ADV-DEV-56627	yugioh	parse+check	5	1599.96	2030.00	2030.00	vor test-explorer-regeln
2026-09-26 15:04:38	8084930+	-	ADV-DEV-56627	yugioh	parse+check	5	1551.87	2024.12	2024.12	nach test-explorer-regeln
2026-09-26 15:11:45	83ef5b6+	-	ADV-DEV-56627	yugioh	parse+check	5	1451.85	1890.53	1890.53	vor nativem JSON.parse
2026-09-26 15:13:08	83ef5b6+	-	ADV-DEV-56627	yugioh	parse+check	5	1371.09	1737.90	1737.90	natives JSON.parse mit reviver
2026-09-26 15:41:09	83ef5b6+	-	ADV-DEV-56627	yugioh	parse+check	5	1466.04	1873.12	1873.12	json-parser: fraction-kürzung, strikter, strings per substring
2026-09-26 15:58:36	c0e2241+	-	ADV-DEV-56627	yugioh	parse+check	5	1397.29	1757.84	1757.84	vor unreachable branch gegen argumenttyp
2026-09-26 16:00:52	c0e2241+	-	ADV-DEV-56627	yugioh	parse+check	5	1378.00	1763.11	1763.11	unreachable branch auch gegen argumenttyp (typesOverlap)
2026-09-27 08:42:14	291a43e+	-	ADV-DEV-56627	yugioh	parse+check	5	1533.06	1807.28	1807.28	vor Fix Parametertyp aus früherem Parameter
2026-09-27 08:45:45	291a43e+	-	ADV-DEV-56627	yugioh	parse+check	5	1393.71	1769.61	1769.61	Parametertyp aus früherem Parameter wird am Aufruf geprüft
2026-09-27 10:04:37	e0f4ecf+	-	ADV-DEV-56627	yugioh	parse+check	5	1497.49	1844.31	1844.31	vor aufgeschobenem Aufruf im Rueckgabetyp
2026-09-27 10:21:19	e0f4ecf+	-	ADV-DEV-56627	yugioh	parse+check	5	1392.26	1732.71	1732.71	aufgeschobener Aufruf im Rueckgabetyp
2026-09-27 10:53:25	e0f4ecf+	-	ADV-DEV-56627	yugioh	parse+check	5	1497.74	1656.77	1656.77	Add als Typfunktion fuer add
2026-09-27 12:32:13	ef1a297	-	ADV-DEV-56627	yugioh	parse+check	5	1378.01	1726.81	1726.81	vor Call-Site-Signatur mit eingesetzten Projektionen (Hover)
2026-09-27 12:36:58	ef1a297+	-	ADV-DEV-56627	yugioh	parse+check	5	1374.34	1745.99	1745.99	nach Call-Site-Signatur mit eingesetzten Projektionen (Hover)
2026-09-27 12:45:18	3e6ecd3+	-	ADV-DEV-56627	yugioh	parse+check	5	1434.65	1749.75	1749.75	vor Umbau: Lesen/Schreiben von Typ-Eigenschaften zusammenlegen
2026-09-27 12:48:07	3e6ecd3+	-	ADV-DEV-56627	yugioh	parse+check	5	1396.82	1772.19	1772.19	nach Umbau: Lesen/Schreiben von Typ-Eigenschaften zusammengelegt
2026-09-27 12:56:35	3e6ecd3+	-	ADV-DEV-56627	yugioh	parse+check	5	1557.98	1860.87	1860.87	Typparameter in Dictionary-Literal und Tupel am Aufruf eingesetzt
2026-09-27 13:00:00	3e6ecd3+	-	ADV-DEV-56627	yugioh	parse+check	5	1549.36	1763.48	1763.48	Typparameter in Dictionary-Literal und Tupel am Aufruf eingesetzt, mit Platzhalter-Cache
2026-09-27 13:35:20	68321d7+	-	ADV-DEV-56627	yugioh	parse+check	5	1461.89	1784.02	1784.02	rekursive Typfunktionen: Anwendungsknoten, Budget, _lazyType-Aufruf
2026-09-27 14:17:04	3d7bf03+	-	ADV-DEV-56627	yugioh	parse+check	5	1955.89	2292.91	2292.91	Or: Alias in Pruefung und Anwendungen beim Normalisieren undurchsichtig, classifyTypeness mit Pfad
2026-09-27 14:21:04	3d7bf03+	-	ADV-DEV-56627	yugioh	parse+check	5	1459.32	1770.66	1770.66	Or: Alias in Pruefung und Anwendungen beim Normalisieren undurchsichtig, classifyTypeness mit Pfad (korrigiert)
2026-09-27 16:02:17	61f2e0a+	-	ADV-DEV-56627	yugioh	parse+check	5	1816.20	2282.71	2282.71	Destructuring aus Or([] List(X)) liest über die Position
2026-09-27 17:01:36	12d5738+	-	ADV-DEV-56627	yugioh	parse+check	5	1560.84	1910.79	1910.79	vor strenger Semantik für Typeigenschaften
2026-09-27 17:12:10	12d5738+	-	ADV-DEV-56627	yugioh	parse+check	5	1615.21	1949.30	1949.30	strenge Semantik für Typeigenschaften
2026-09-27 17:29:06	56028fa+	-	ADV-DEV-56627	yugioh	parse+check	5	1681.10	1912.09	1912.09	Wertform für Typeigenschaften abgeschafft
2026-09-27 17:36:13	614d410+	-	ADV-DEV-56627	yugioh	parse+check	5	1622.69	1853.58	1853.58	vor MapElements
2026-09-27 17:40:32	614d410+	-	ADV-DEV-56627	yugioh	parse+check	5	1635.74	1917.29	1917.29	MapElements: map über Tupel je Position
2026-09-27 17:42:14	614d410+	-	ADV-DEV-56627	yugioh	parse+check	5	1624.30	1908.14	1908.14	MapElements: map über Tupel je Position
2026-09-27 17:52:11	d407122+	-	ADV-DEV-56627	yugioh	parse+check	5	1502.91	1859.24	1859.24	combine$ je Position, valueOf steigt in List ab
2026-09-27 17:55:42	d407122+	-	ADV-DEV-56627	yugioh	parse+check	5	1505.89	1919.20	1919.20	TupleOf entfernt
2026-09-27 18:03:05	a7a4322+	-	ADV-DEV-56627	yugioh	parse+check	5	1595.56	1888.05	1888.05	Rest-Parameter mit deklariertem Typ im Rumpf
2026-09-28 07:44:47	5e8794e+	-	ADV-DEV-56627	yugioh	parse+check	5	1850.17	2080.84	2080.84	vor FiniteStream
2026-09-28 07:55:13	5e8794e+	-	ADV-DEV-56627	yugioh	parse+check	5	1635.78	2110.91	2110.91	FiniteStream als Merkmal am Stream-Typ, bedingte Rückgabetypen in core-lib
2026-09-28 08:53:12	2a6346f+	-	ADV-DEV-56627	yugioh	parse+check	5	1577.81	1931.77	1931.77	Lebensdauer: complete im Rumpf, FiniteStream-Aufwertung, Warnung JUL2800
2026-09-28 09:01:18	275c6a5+	-	ADV-DEV-56627	yugioh	parse+check	5	1630.24	2367.29	2367.29	jul-ignore: Kommentare im Parser lesen, am Ende von checkTypes anwenden
2026-09-28 12:04:20	8a53e5e+	-	ADV-DEV-56627	yugioh	parse+check	5	1893.57	2191.67	2191.67	vor: fehlendes Argument als Empty im bedingten Rückgabetyp
2026-09-28 12:07:35	8a53e5e+	-	ADV-DEV-56627	yugioh	parse+check	5	1573.37	1990.51	1990.51	nach: fehlendes Argument als Empty im bedingten Rückgabetyp, interval$ statt timer$
2026-09-30 08:23:08	5eaac45	-	ADV-DEV-56627	yugioh	parse+check	5	2389.46	2555.48	2555.48	vor: obere Grenzen in Not/Not, typesOverlap und And(A Not(B))
2026-09-30 08:23:22	5eaac45+	-	ADV-DEV-56627	yugioh	parse+check	5	2382.98	3011.38	3011.38	nach: obere Grenzen in Not/Not, typesOverlap und And(A Not(B))
2026-09-30 09:07:25	613c1d9+	-	ADV-DEV-56627	yugioh	parse+check	5	1635.80	1971.31	1971.31	vor: GreaterInteger/LessInteger statt Greater
2026-09-30 09:18:31	613c1d9+	-	ADV-DEV-56627	yugioh	parse+check	5	3732.47	3911.33	3911.33	nach: GreaterInteger/LessInteger statt Greater
2026-09-30 09:20:33	613c1d9+	-	ADV-DEV-56627	yugioh	parse+check	5	1727.19	2892.13	2892.13	nach, wiederholt: GreaterInteger/LessInteger statt Greater (vorige Messung durch Last verfaelscht, im Wechsel gemessen alt 1666/1695 ms, neu 1632/1604 ms)
2026-09-30 09:28:13	429a8d6+	-	ADV-DEV-56627	yugioh	parse+check	5	1685.89	2086.20	2086.20	nach: Bereichssicht liest Or und Not(n), leerer Bereich wird Never
2026-09-30 09:44:12	b9ffa16+	-	ADV-DEV-56627	yugioh	parse+check	5	1662.10	1924.40	1924.40	nach: Index mit Grenzen liest nur die Positionen im Bereich
2026-10-03 10:09:49	021a522+	-	ADV-DEV-56627	yugioh	parse+check	5	1548.38	1939.28	1939.28	nach: dreiwertige Zuweisbarkeit Phase 1 (isTypeAssignable), Korrektur der drei Umbaufehler
2026-10-03 10:19:42	fafba6d+	-	ADV-DEV-56627	yugioh	parse+check	5	1715.48	2057.25	2057.25	nach: isSubtypeOf fuer branch-dispatch, Dictionary-Felder dreiwertig
2026-10-03 10:36:34	e295194+	-	ADV-DEV-56627	yugioh	parse+check	5	1525.03	1919.42	1919.42	nach: dreiwertige Zuweisbarkeit Phase 2 (yes eingeordnet, Never yes, Not als Quelle genau)
2026-10-03 10:54:40	297a9f1+	-	ADV-DEV-56627	yugioh	parse+check	5	1638.41	2098.81	2098.81	nach: dreiwertige Zuweisbarkeit Phase 3 (getTypeError ersetzt, Cache fuer Praedikatfaltung)
2026-10-03 11:01:54	3ea25f6+	-	ADV-DEV-56627	yugioh	parse+check	5	1567.88	1978.63	1978.63	nach: Phase 3 komplett (Korrekturen isBranchingExhaustive, Spread unvollstaendiger Dictionaries)
2026-10-03 11:06:06	1060dc0+	-	ADV-DEV-56627	yugioh	parse+check	5	1872.49	2002.41	2002.41	nach: dreiwertige Zuweisbarkeit Phase 4 (lengthOf als Ziel, Or-Form der oberen Grenzen)
2026-10-03 11:18:22	9e1f78e+	-	ADV-DEV-56627	yugioh	parse+check	5	1677.05	2122.39	2122.39	nach: Empfaenger als erstes Argument (Concat), isTypeAssignable ohne prefixArgumentType
2026-10-03 11:32:39	9199117+	-	ADV-DEV-56627	yugioh	parse+check	5	1596.35	1958.59	1958.59	nach: Empfaenger in der Argumentkollektion (bindReceiver/splitReceiver)
2026-10-03 11:34:31	9199117+	-	ADV-DEV-56627	yugioh	parse+check	5	1622.13	1960.89	1960.89	nach: benannte Argumente im Parameterverweis (dereferenceParameterFromArgumentType)
2026-10-03 11:57:47	472ac9c+	-	ADV-DEV-56627	yugioh	parse+check	5	1778.85	2207.74	2207.74	nach: core-lib setField/toList/toDictionary mit Elementtyp, Blob als Basistyp
2026-10-03 12:12:20	4b0c129+	-	ADV-DEV-56627	yugioh	parse+check	5	1725.73	2140.59	2140.59	nach: Argumentpruefung beweist mit aufgeloesten Platzhaltern (unknown abbauen b)
2026-10-03 15:06:03	a9dfd05+	-	ADV-DEV-56627	yugioh	parse+check	5	1738.85	2170.96	2170.96	vor Auslagerung type-algebra
2026-10-03 15:08:57	a9dfd05+	-	ADV-DEV-56627	yugioh	parse+check	5	1792.86	2075.98	2075.98	nach Auslagerung type-algebra
2026-10-03 16:01:35	b59a87f+	-	ADV-DEV-56627	yugioh	parse+check	5	1655.79	2073.12	2073.12	nach: mapDictionary in der core-lib, MapElements fuer Dictionaries und Never
2026-10-03 16:46:44	bced935+	-	ADV-DEV-56627	yugioh	parse+check	5	1648.83	1946.62	1946.62	nach: Dictionary-Literal ist beim Casing immer ein Wert
2026-10-04 07:05:50	5f6429f	-	ADV-DEV-56627	yugioh	parse+check	5	1578.17	1995.30	1995.30	Baseline vor lazy Fehlermeldung in getDefaultTypeError
2026-10-04 07:10:25	5f6429f+	-	ADV-DEV-56627	yugioh	parse+check	5	1287.54	1672.41	1672.41	AssignabilityError mit lazy getMessage statt eager typeToString-Meldung
2026-10-04 08:09:32	076dab8+	-	ADV-DEV-56627	yugioh	parse+check	5	1327.16	1683.29	1683.29	Funktionstypen unveraendlich (FunctionIdentity, Konstruktor mit Fakten)
2026-10-04 08:58:43	2de10e4+	-	ADV-DEV-56627	yugioh	parse+check	5	1359.39	1736.24	1736.24	vor Faltbudget-Abbruch
2026-10-04 08:59:04	bca5a9d+	-	ADV-DEV-56627	yugioh	parse+check	5	1400.95	2031.17	2031.17	nach Faltbudget-Abbruch
